{
  "items": [
    {
        "tag": "html",
        "year": "1991",
        "title": "Beginning of HTML",
        "content": "Tim Berners-Lee invents HTML 1.0",
        "image": "",
        "source": ""
    },
    {
        "tag": "html",
        "year": "1993",
        "title": "HTML 1.0 is released",
        "content": "Not many developers are creating websites at this time.",
        "image": "",
        "source": ""
    },
    {
        "tag": "html",
        "year": "1995",
        "title": "HTML 2.0 is published",
        "content": "This contains the features of HTML 1.0 plus new features. This remained the standard markup language for designing and creating websites until 1997.",
        "image": "",
        "source": ""
    },
    {
        "tag": "javascript",
        "year": "1995",
        "title": "Introduction of JavaScript",
        "content": "JavaScript was created for Netscape 2, and it became the standard in 1997. It is well developed because of its advantages such as good compatibility.",
        "image": "pictures/",
        "source": "Macworld UK 2015"
    },
    {
        "tag": "javaapplet",
        "year": "1995",
        "title": "Introduction of Java applet",
        "content": "Java applets is able to provide animation, dynamic contents, communication with the server, and client-side applications",
        "image": "pictures/",
        "source": "Sarang Ravate 2019"
    },
    {
        "tag": "html",
        "year": "1996",
        "title": "iframe tag introduced",
        "content": "Internet Explorer added iframe tag to HTML, it supports asynchronous refreshing the page.",
        "image": "pictures/",
        "source": "Daniel Cruz Developer Blog 2015"
    },
    {
        "tag": "html",
        "year": "1997",
        "title": "HTML 3.0 was invented",
        "content": "Here, Dave Raggett introduced a fresh draft on HTML, which improved new features of HTML and gave more powerful characteristics for webmasters in designing websites.",
        "image": "",
        "source": ""
    },
    {
        "tag": "dom",
        "year": "1998",
        "title": "DOM introduced",
        "content": "DOM stands for Document Object Model. It helps developers to better format HTML files by putting all elements in a DOM tree.",
        "image": "pictures/",
        "source": "Birger Eriksson 2022"
    },
    {
        "tag": "html",
        "year": "1999",
        "title": "HTML 4.0 was published",
        "content": "The widely-used HTML 4.0 comes out. It is very successful.",
        "image": "",
        "source": ""
    },
    {
        "tag": "ajax",
        "year": "1999",
        "title": "Ajax firstly introduced",
        "content": "The concept of Ajax was firstly introduced, Outlook Web became the first commercial application using Ajax.",
        "image": "pictures/",
        "source": "Daniel Cruz Developer Blog 2015"
    },
    {
        "tag": "flash",
        "year": "2001",
        "title": "Flash became popular",
        "content": "Flash has very good performance compared with Java applet back in 2001",
        "image": "",
        "source": ""
    },
    {
        "tag": "ajax",
        "year": "2005",
        "title": "Ajax became widely accepted",
        "content": "Google started to use asynchronous loading in its applications including Google Maps, Gmail, and Google Search.",
        "image": "",
        "source": ""
    },
    {
        "tag": "jquery",
        "year": "2006",
        "title": "jQuery created",
        "content": "jQuery is a JavaScript library, and it makes JavaScript coding fun by stripping out all the necessary markup and leaving codes short, and understandable.",
        "image": "pictures/",
        "source": "W3schools 2022"
    },
    {
        "tag": "html",
        "year": "2008",
        "title": "HTML 5 is released",
        "content": "HTML 5.0 is used worldwide. It is said to be the extended version of HTML 4.01 which was published in 2012.",
        "image": "pictures/",
        "source": "Atatus 2021  "
    },
    {
        "tag": "angular",
        "year": "2009",
        "title": "AngularJS published by Google",
        "content": "AngularJS is an open-source web application framework maintained by Google. It aims to enhance MVC mode to bring a clear SPA webpage.",
        "image": "",
        "source": ""
    },
    {
        "tag": "react",
        "year": "2010",
        "title": "React made open source by Facebook",
        "content": "React was originally developed by Facebook as a internal frontend development framework run by JavaScript.",
        "image": "pictures/",
        "source": "wikipedia 2022"
    },
    {
        "tag": "vue",
        "year": "2014",
        "title": "Vue became available",
        "content": "Vue is a JavaScript framework for building user interfaces. It provides a declarative and component-based programming model that helps you efficiently develop user interfaces, be it simple or complex.",
        "image": "pictures/",
        "source": "vuejs.org 2022"
    },
    {
        "tag": "javaapplet",
        "year": "2017",
        "title": "End of Java applet",
        "content": "Java applets were deprecated by Java 9 in 2017.",
        "image": "",
        "source": ""
    },
    {
        "tag": "webassembly",
        "year": "2017",
        "title": "First appare of WebAssembly",
        "content": "WebAssembly allows webs to run binary code and has better performance compared with JavaScript.",
        "image": "pictures/",
        "source": "Carlos Baraza 2017"
    },
    {
        "tag": "flash",
        "year": "2021",
        "title": "Flash end of life",
        "content": "Due to many restrictions and security concerns, in 2017, Adobe announced they would stop updating Flash.",
        "image": "",
        "source": ""
    }


  ]
}
